;Unnamed: 0;Unnamed: 0.1;Unnamed: 0.1.1;Unnamed: 0.1.1.1;Unnamed: 0.1.1.1.1;Unnamed: 0.1.1.1.1.1;Unnamed: 0.1.1.1.1.1.1;Unnamed: 0.1.1.1.1.1.1.1;Unnamed: 0.1.1.1.1.1.1.1.1;Unnamed: 0.1.1.1.1.1.1.1.1.1;Unnamed: 0.1.1.1.1.1.1.1.1.1.1;Unnamed: 0.1.1.1.1.1.1.1.1.1.1.1;Unnamed: 0.1.1.1.1.1.1.1.1.1.1.1.1;Unnamed: 0.1.1.1.1.1.1.1.1.1.1.1.1.1;Unnamed: 0.1.1.1.1.1.1.1.1.1.1.1.1.1.1;Unnamed: 0.1.1.1.1.1.1.1.1.1.1.1.1.1.1.1;Unnamed: 0.1.1.1.1.1.1.1.1.1.1.1.1.1.1.1.1;Unnamed: 0.1.1.1.1.1.1.1.1.1.1.1.1.1.1.1.1.1;Unnamed: 0.1.1.1.1.1.1.1.1.1.1.1.1.1.1.1.1.1.1;Unnamed: 0.1.1.1.1.1.1.1.1.1.1.1.1.1.1.1.1.1.1.1;Unnamed: 0.1.1.1.1.1.1.1.1.1.1.1.1.1.1.1.1.1.1.1.1;Unnamed: 0.1.1.1.1.1.1.1.1.1.1.1.1.1.1.1.1.1.1.1.1.1;Unnamed: 0.1.1.1.1.1.1.1.1.1.1.1.1.1.1.1.1.1.1.1.1.1.1;Unnamed: 0.1.1.1.1.1.1.1.1.1.1.1.1.1.1.1.1.1.1.1.1.1.1.1;Unnamed: 0.1.1.1.1.1.1.1.1.1.1.1.1.1.1.1.1.1.1.1.1.1.1.1.1;Unnamed: 0.1.1.1.1.1.1.1.1.1.1.1.1.1.1.1.1.1.1.1.1.1.1.1.1.1;Unnamed: 0.1.1.1.1.1.1.1.1.1.1.1.1.1.1.1.1.1.1.1.1.1.1.1.1.1.1;Unnamed: 0.1.1.1.1.1.1.1.1.1.1.1.1.1.1.1.1.1.1.1.1.1.1.1.1.1.1.1;Unnamed: 0.1.1.1.1.1.1.1.1.1.1.1.1.1.1.1.1.1.1.1.1.1.1.1.1.1.1.1.1;Unnamed: 0.1.1.1.1.1.1.1.1.1.1.1.1.1.1.1.1.1.1.1.1.1.1.1.1.1.1.1.1.1;Unnamed: 0.1.1.1.1.1.1.1.1.1.1.1.1.1.1.1.1.1.1.1.1.1.1.1.1.1.1.1.1.1.1;Unnamed: 0.1.1.1.1.1.1.1.1.1.1.1.1.1.1.1.1.1.1.1.1.1.1.1.1.1.1.1.1.1.1.1;Unnamed: 0.1.1.1.1.1.1.1.1.1.1.1.1.1.1.1.1.1.1.1.1.1.1.1.1.1.1.1.1.1.1.1.1;Unnamed: 0.1.1.1.1.1.1.1.1.1.1.1.1.1.1.1.1.1.1.1.1.1.1.1.1.1.1.1.1.1.1.1.1.1;Unnamed: 0.1.1.1.1.1.1.1.1.1.1.1.1.1.1.1.1.1.1.1.1.1.1.1.1.1.1.1.1.1.1.1.1.1.1;Unnamed: 0.1.1.1.1.1.1.1.1.1.1.1.1.1.1.1.1.1.1.1.1.1.1.1.1.1.1.1.1.1.1.1.1.1.1.1;Unnamed: 0.1.1.1.1.1.1.1.1.1.1.1.1.1.1.1.1.1.1.1.1.1.1.1.1.1.1.1.1.1.1.1.1.1.1.1.1;Unnamed: 0.1.1.1.1.1.1.1.1.1.1.1.1.1.1.1.1.1.1.1.1.1.1.1.1.1.1.1.1.1.1.1.1.1.1.1.1.1;Unnamed: 0.1.1.1.1.1.1.1.1.1.1.1.1.1.1.1.1.1.1.1.1.1.1.1.1.1.1.1.1.1.1.1.1.1.1.1.1.1.1;Unnamed: 0.1.1.1.1.1.1.1.1.1.1.1.1.1.1.1.1.1.1.1.1.1.1.1.1.1.1.1.1.1.1.1.1.1.1.1.1.1.1.1;Unnamed: 0.1.1.1.1.1.1.1.1.1.1.1.1.1.1.1.1.1.1.1.1.1.1.1.1.1.1.1.1.1.1.1.1.1.1.1.1.1.1.1.1;Unnamed: 0.1.1.1.1.1.1.1.1.1.1.1.1.1.1.1.1.1.1.1.1.1.1.1.1.1.1.1.1.1.1.1.1.1.1.1.1.1.1.1.1.1;Unnamed: 0.1.1.1.1.1.1.1.1.1.1.1.1.1.1.1.1.1.1.1.1.1.1.1.1.1.1.1.1.1.1.1.1.1.1.1.1.1.1.1.1.1.1;Unnamed: 0.1.1.1.1.1.1.1.1.1.1.1.1.1.1.1.1.1.1.1.1.1.1.1.1.1.1.1.1.1.1.1.1.1.1.1.1.1.1.1.1.1.1.1;Unnamed: 0.1.1.1.1.1.1.1.1.1.1.1.1.1.1.1.1.1.1.1.1.1.1.1.1.1.1.1.1.1.1.1.1.1.1.1.1.1.1.1.1.1.1.1.1;Unnamed: 0.1.1.1.1.1.1.1.1.1.1.1.1.1.1.1.1.1.1.1.1.1.1.1.1.1.1.1.1.1.1.1.1.1.1.1.1.1.1.1.1.1.1.1.1.1;Unnamed: 0.1.1.1.1.1.1.1.1.1.1.1.1.1.1.1.1.1.1.1.1.1.1.1.1.1.1.1.1.1.1.1.1.1.1.1.1.1.1.1.1.1.1.1.1.1.1;Unnamed: 0.1.1.1.1.1.1.1.1.1.1.1.1.1.1.1.1.1.1.1.1.1.1.1.1.1.1.1.1.1.1.1.1.1.1.1.1.1.1.1.1.1.1.1.1.1.1.1;Unnamed: 0.1.1.1.1.1.1.1.1.1.1.1.1.1.1.1.1.1.1.1.1.1.1.1.1.1.1.1.1.1.1.1.1.1.1.1.1.1.1.1.1.1.1.1.1.1.1.1.1;precio;Tipo de inmueble;Comuna;Dormitorios;Baños;Servicios;Capacidad;Descripcion;Estacionamiento;Código;Arriendo anterior;Unnamed: 27;Equipamiento Espacios;Unnamed: 38;Unnamed: 40;Unnamed: 42;Unnamed: 46
0;0,0;0,0;0,0;0,0;0,0;0,0;0,0;0,0;0,0;0,0;0,0;0,0;0,0;0,0;0,0;0,0;0,0;0,0;0,0;0,0;0,0;0,0;0,0;0,0;0,0;0,0;0,0;0,0;0,0;0,0;0,0;0,0;0,0;0,0;0,0;0,0;0,0;0,0;0,0;0,0;0,0;0,0;0,0;0,0;0,0;0,0;0,0;0,0;0,0;40.000;Departamento;La Serena;2 dormitorios;1 baño;;4  personas;"Cerca del centro de La Serena, de la playa, del
Faro y de la avenida del mar, arriendo diario
desde enero a diciembre de 2021, impecable
departamento para 4 personas, ubicado en calle
Juan Lorenzo Solís Castro N° 520, Condominio
Parque Libertad, La Serena.";1.0;;;;;;;;
1;1,0;1,0;1,0;1,0;1,0;1,0;1,0;1,0;1,0;1,0;1,0;1,0;1,0;1,0;1,0;1,0;1,0;1,0;1,0;1,0;1,0;1,0;1,0;1,0;1,0;1,0;1,0;1,0;1,0;1,0;1,0;1,0;1,0;1,0;1,0;1,0;1,0;1,0;1,0;1,0;1,0;1,0;1,0;1,0;1,0;1,0;1,0;1,0;;80.000;Casa;Vicuña;2 dormitorios;1 baño;;;Cabañas para 5 personas MÁXIMO c/u;1.0;76377101.0;;;;;;;
2;2,0;2,0;2,0;2,0;2,0;2,0;2,0;2,0;2,0;2,0;2,0;2,0;2,0;2,0;2,0;2,0;2,0;2,0;2,0;2,0;2,0;2,0;2,0;2,0;2,0;2,0;2,0;2,0;2,0;2,0;2,0;2,0;2,0;2,0;2,0;2,0;2,0;2,0;2,0;2,0;2,0;2,0;2,0;2,0;2,0;2,0;2,0;;;30.000;Departamento;La Serena;3 dormitorios;1 baño;;4  personas;"Arriendo de verano de Departamento en Avenida
Pacifico, La Serena.";1.0;;;;;;;;
3;3,0;3,0;3,0;3,0;3,0;3,0;3,0;3,0;3,0;3,0;3,0;3,0;3,0;3,0;3,0;3,0;3,0;3,0;3,0;3,0;3,0;3,0;3,0;3,0;3,0;3,0;3,0;3,0;3,0;3,0;3,0;3,0;3,0;3,0;3,0;3,0;3,0;3,0;3,0;3,0;3,0;3,0;3,0;3,0;3,0;3,0;;;;60.000;Departamento;La Serena;3 dormitorios;2 baños;;6  personas;"IMPERDIBLE!!! Arriendo hermoso departamento
verdaderamente a un paso de la playa en La Serena,
para 6 personas, tres dormitorios, uno
matrimonial, el segundo 2 camas de 1 plaza y
tercer con una cama 11/2 plaza, mas un Futton en
el living, cocina completamebte equipada, 2 baños,
una Tremenda Terraza, 2 Tv con Cable, Comedor,
estacionamiento, espacios comunes como Piscina,
jardines, juegos para niños y lavanderia, a pasos
de ferias artesanales, restaurant y Casino Enjoy.";1.0;;;;;;;;
4;4,0;4,0;4,0;4,0;4,0;4,0;4,0;4,0;4,0;4,0;4,0;4,0;4,0;4,0;4,0;4,0;4,0;4,0;4,0;4,0;4,0;4,0;4,0;4,0;4,0;4,0;4,0;4,0;4,0;4,0;4,0;4,0;4,0;4,0;4,0;4,0;4,0;4,0;4,0;4,0;4,0;4,0;4,0;4,0;4,0;;;;;70.000;Casa;Coquimbo;3 dormitorios;3 baños;;;*Arriendo evento*;1.0;77079662;;;;;;;
5;5,0;5,0;5,0;5,0;5,0;5,0;5,0;5,0;5,0;5,0;5,0;5,0;5,0;5,0;5,0;5,0;5,0;5,0;5,0;5,0;5,0;5,0;5,0;5,0;5,0;5,0;5,0;5,0;5,0;5,0;5,0;5,0;5,0;5,0;5,0;5,0;5,0;5,0;5,0;5,0;5,0;5,0;5,0;5,0;;;;;;Sin informacion;;La Serena;2 dormitorios;2 baños;Piscina;4  personas;Arriendo diario;1.0;;;;;;;;
6;6,0;6,0;6,0;6,0;6,0;6,0;6,0;6,0;6,0;6,0;6,0;6,0;6,0;6,0;6,0;6,0;6,0;6,0;6,0;6,0;6,0;6,0;6,0;6,0;6,0;6,0;6,0;6,0;6,0;6,0;6,0;6,0;6,0;6,0;6,0;6,0;6,0;6,0;6,0;6,0;6,0;6,0;6,0;;;;;;;75.000;Departamento;La Serena;2 dormitorios;1 baño;;5  personas;"Inigualable departamento en arriendo ubicado en
exclusivo Resort Urbano de La Serena, a pasos de
la playa, en el sector norte de El Faro y a sólo
minutos del centro de la ciudad, supermercados,
Mall Plaza, universidades y centros comerciales.";1.0;;;;;;;;
7;7,0;7,0;7,0;7,0;7,0;7,0;7,0;7,0;7,0;7,0;7,0;7,0;7,0;7,0;7,0;7,0;7,0;7,0;7,0;7,0;7,0;7,0;7,0;7,0;7,0;7,0;7,0;7,0;7,0;7,0;7,0;7,0;7,0;7,0;7,0;7,0;7,0;7,0;7,0;7,0;7,0;7,0;;;;;;;;65.000;Departamento;Coquimbo;2 dormitorios;2 baños;;5  personas;"Arriendo cómodo departamento con vista al mar,
ubicado detrás del casino Enjoy de Coquimbo, playa
Peñuelas, edificio ""Gran Marina Horizonte II"",
cercano a pubs, restaurantes, zona muy turística y
atractiva.";1.0;;;;;;;;
8;8,0;8,0;8,0;8,0;8,0;8,0;8,0;8,0;8,0;8,0;8,0;8,0;8,0;8,0;8,0;8,0;8,0;8,0;8,0;8,0;8,0;8,0;8,0;8,0;8,0;8,0;8,0;8,0;8,0;8,0;8,0;8,0;8,0;8,0;8,0;8,0;8,0;8,0;8,0;8,0;8,0;;;;;;;;;40.000;Departamento;La Serena;3 dormitorios;1 baño;;;"Arriendo lindo y acogedor departamento, por
temporada de verano 2021, esta unicado en un 7°
piso, a pasos de la playa en la avda. del mar,
cercano a escuelas de surf, restaurant, pubs, faro
monumental, a 2 km del mall puerta del mar, 3 kms
del mall plaza La Serena y 5 kms del casino enjoy.";1.0;;"
								";;;;;;
9;9,0;9,0;9,0;9,0;9,0;9,0;9,0;9,0;9,0;9,0;9,0;9,0;9,0;9,0;9,0;9,0;9,0;9,0;9,0;9,0;9,0;9,0;9,0;9,0;9,0;9,0;9,0;9,0;9,0;9,0;9,0;9,0;9,0;9,0;9,0;9,0;9,0;9,0;9,0;9,0;;;;;;;;;;55.000;Departamento;Coquimbo;2 dormitorios;2 baños;;;"Arriendo hermoso departamento en Coquimbo,
condominio playa herradura.";1.0;;"
								";;;;;;
10;10,0;10,0;10,0;10,0;10,0;10,0;10,0;10,0;10,0;10,0;10,0;10,0;10,0;10,0;10,0;10,0;10,0;10,0;10,0;10,0;10,0;10,0;10,0;10,0;10,0;10,0;10,0;10,0;10,0;10,0;10,0;10,0;10,0;10,0;10,0;10,0;10,0;10,0;10,0;;;;;;;;;;;42.000;Departamento;Coquimbo;3 dormitorios;1 baño;Piscina;;"Arriendo temporada de verano departamento total
mente equipado.";1.0;;;;;;;;
11;11,0;11,0;11,0;11,0;11,0;11,0;11,0;11,0;11,0;11,0;11,0;11,0;11,0;11,0;11,0;11,0;11,0;11,0;11,0;11,0;11,0;11,0;11,0;11,0;11,0;11,0;11,0;11,0;11,0;11,0;11,0;11,0;11,0;11,0;11,0;11,0;11,0;11,0;;;;;;;;;;;;30.000;Departamento;La Serena;1 dormitorio;1 baño;;3  personas;Contacto y Whatsapp;;;"
								";;;;;;
12;12,0;12,0;12,0;12,0;12,0;12,0;12,0;12,0;12,0;12,0;12,0;12,0;12,0;12,0;12,0;12,0;12,0;12,0;12,0;12,0;12,0;12,0;12,0;12,0;12,0;12,0;12,0;12,0;12,0;12,0;12,0;12,0;12,0;12,0;12,0;12,0;12,0;;;;;;;;;;;;;50.000;Departamento;La Serena;2 dormitorios;2 baños;TV Cable / Satélite;;"ARRIENDO desde el 17 de diciembre 2021 al 6 de
marzo de 2022. Semana santa, verano.";1;;;;;;;;
13;13,0;13,0;13,0;13,0;13,0;13,0;13,0;13,0;13,0;13,0;13,0;13,0;13,0;13,0;13,0;13,0;13,0;13,0;13,0;13,0;13,0;13,0;13,0;13,0;13,0;13,0;13,0;13,0;13,0;13,0;13,0;13,0;13,0;13,0;13,0;13,0;;;;;;;;;;;;;;40.000;Departamento;Coquimbo;3 dormitorios;1 baño;;5  personas;"Arriendo departamento turistas. Cocina equipada, 3
dormitorios, a pasos de la playa de La Herradura
Coquimbo. 1 estacionamiento. Capacidad para 5
personas. Supermercados cercanos y locomoción
colectiva a la puerta. Directv, lavadora, vista a
la piscina y zonas comunes. Enero $40.000 y
Febrero $45.000";1;;;;;;;;
14;14,0;14,0;14,0;14,0;14,0;14,0;14,0;14,0;14,0;14,0;14,0;14,0;14,0;14,0;14,0;14,0;14,0;14,0;14,0;14,0;14,0;14,0;14,0;14,0;14,0;14,0;14,0;14,0;14,0;14,0;14,0;14,0;14,0;14,0;14,0;;;;;;;;;;;;;;;60.000;Departamento;La Serena;2 dormitorios;2 baños;;5  personas;departamento completamente equipado para 5 pers.;1;;;;;;;;
15;15,0;15,0;15,0;15,0;15,0;15,0;15,0;15,0;15,0;15,0;15,0;15,0;15,0;15,0;15,0;15,0;15,0;15,0;15,0;15,0;15,0;15,0;15,0;15,0;15,0;15,0;15,0;15,0;15,0;15,0;15,0;15,0;15,0;15,0;;;;;;;;;;;;;;;;Sin informacion;;Los Vilos;;;;1  personas;"Necesito arrendar pieza o habitación en los Vilos,
de preferencia sector acceso o cerca de Av.
Caupolicán.";;77470359;;;;;;;
16;16,0;16,0;16,0;16,0;16,0;16,0;16,0;16,0;16,0;16,0;16,0;16,0;16,0;16,0;16,0;16,0;16,0;16,0;16,0;16,0;16,0;16,0;16,0;16,0;16,0;16,0;16,0;16,0;16,0;16,0;16,0;16,0;16,0;;;;;;;;;;;;;;;;;40.000;Departamento;La Serena;3 dormitorios;2 baños;;;"Arriendo por día,  depto totalmente equipado para
6 personas, Living Comedor, Cocina equipada, 3
dormitorios, 2 baños. Tv Satelital, Internet Wifi.
Acceso controlado  las 24 hrs del dia, Ascensor,
Piscina, Quincho. Ubicado en Avenida Balmaceda,
cercano a Avenida Cuatro Esquinas.";1;;;;;;;;
17;17,0;17,0;17,0;17,0;17,0;17,0;17,0;17,0;17,0;17,0;17,0;17,0;17,0;17,0;17,0;17,0;17,0;17,0;17,0;17,0;17,0;17,0;17,0;17,0;17,0;17,0;17,0;17,0;17,0;17,0;17,0;17,0;;;;;;;;;;;;;;;;;;30.000;Departamento;Coquimbo;2 dormitorios;2 baños;;4  personas;"Arriendo departamento de 2 dormitorios y 2 baños
en Condominio Alta Mar, primera línea de la
Avenida Costanera, a un costado del puerto de
Coquimbo y terminal pesquero, cercano a buses,
centros gastronómicos y supermercados, con vista
al mar y a 2 cuadras del Mall Vivo Coquimbo. El
condominio cuenta con 2 ascensores, quinchos en
primer piso, estacionamiento propio y de visitas,
sala de espera, juegos infantiles, piscina, áreas
verdes, conserjería las 24hrs. ubicado en el piso
13.";1;;;;;;;;
18;18,0;18,0;18,0;18,0;18,0;18,0;18,0;18,0;18,0;18,0;18,0;18,0;18,0;18,0;18,0;18,0;18,0;18,0;18,0;18,0;18,0;18,0;18,0;18,0;18,0;18,0;18,0;18,0;18,0;18,0;18,0;;;;;;;;;;;;;;;;;;;40.000;Departamento;La Serena;2 dormitorios;1 baño;WiFi;5  personas;"Arriendo depto en la serena a 5 min del faro
cuánta con estacionamiento y seguridad las 24 hrs
. 2dormitorio, 1 baño, cocina, living terraza...
DIPONIBLE!!!";;;;;;;;;
19;19,0;19,0;19,0;19,0;19,0;19,0;19,0;19,0;19,0;19,0;19,0;19,0;19,0;19,0;19,0;19,0;19,0;19,0;19,0;19,0;19,0;19,0;19,0;19,0;19,0;19,0;19,0;19,0;19,0;19,0;;;;;;;;;;;;;;;;;;;;55.000;Departamento;La Serena;3 dormitorios;1 baño;;6  personas;"arriendo departamento en av el mar desde diciembre
a marzo , arriendo por dia";;;"
								";;;;;;
20;20,0;20,0;20,0;20,0;20,0;20,0;20,0;20,0;20,0;20,0;20,0;20,0;20,0;20,0;20,0;20,0;20,0;20,0;20,0;20,0;20,0;20,0;20,0;20,0;20,0;20,0;20,0;20,0;20,0;;;;;;;;;;;;;;;;;;;;;45.000;Departamento;La Serena;1 dormitorio;1 baño;Piscina;4  personas;"Arriendo acogedora cabaña ubicada en parcela de
agrado, completamente equipada rodeada areas
verdes, ubicada a 10 minutos del centro de La
Serena cercana a supermercados y
gasolineras.disponibilidad en enero y febrero.";;;;;;;;;
21;21,0;21,0;21,0;21,0;21,0;21,0;21,0;21,0;21,0;21,0;21,0;21,0;21,0;21,0;21,0;21,0;21,0;21,0;21,0;21,0;21,0;21,0;21,0;21,0;21,0;21,0;21,0;21,0;;;;;;;;;;;;;;;;;;;;;;50.000;Casa;Coquimbo;3 dormitorios;2 baños;WiFi;;"Arriendo casa amplia x temporada 6u7 personas a 10
min de la playa frente a supermercados y amplio
estacionamiento c 20770862";;;"
								";;;;;;
22;22,0;22,0;22,0;22,0;22,0;22,0;22,0;22,0;22,0;22,0;22,0;22,0;22,0;22,0;22,0;22,0;22,0;22,0;22,0;22,0;22,0;22,0;22,0;22,0;22,0;22,0;22,0;;;;;;;;;;;;;;;;;;;;;;;55.000;Casa;La Serena;2 dormitorios;1 baño;Piscina;5  personas;"Arriendo hermosa cabaña completamente equipada, 5
a 6 personas, quincho y terraza, hermosa piscina
tv satelital, estacionamiento techado, áreas
verdes, cancha de baby, pin pon, etc. A 10 minutos
del centro de la serena cerca de supermercados y
bombas de bencina, cerca de la playa y del
maravilloso valle de Elqui.";;;;;;;;;
23;23,0;23,0;23,0;23,0;23,0;23,0;23,0;23,0;23,0;23,0;23,0;23,0;23,0;23,0;23,0;23,0;23,0;23,0;23,0;23,0;23,0;23,0;23,0;23,0;23,0;23,0;;;;;;;;;;;;;;;;;;;;;;;;60.000;Casa;Coquimbo;2 dormitorios;2 baños;;6  personas;"Arriendo linda cabaña para 6 personas, en sector
residencial tranquilo y linda vista, lugar
acogedor con terraza, quincho y jardines para
disfrutar de gratos momentos y poder descansar con
sus seres queridos.";1;;;;;;;;
24;24,0;24,0;24,0;24,0;24,0;24,0;24,0;24,0;24,0;24,0;24,0;24,0;24,0;24,0;24,0;24,0;24,0;24,0;24,0;24,0;24,0;24,0;24,0;24,0;24,0;;;;;;;;;;;;;;;;;;;;;;;;;35.000;Departamento;La Serena;2 dormitorios;1 baño;TV Cable / Satélite;;"Arriendo departamento sector puerta del mar, cerca
del faro y supermercado, con estacionamiento , 24
hrs de vigilancia para 4 personas. Disponible a
partir del 20 de Febrero.";;;;;;Cocina equipada;;;
25;25,0;25,0;25,0;25,0;25,0;25,0;25,0;25,0;25,0;25,0;25,0;25,0;25,0;25,0;25,0;25,0;25,0;25,0;25,0;25,0;25,0;25,0;25,0;25,0;;;;;;;;;;;;;;;;;;;;;;;;;;25.000;Departamento;La Serena;1 dormitorio;1 baño;Terraza;;ARRIENDO SOLO DIARIO DESDE EL 05 ABRIL AL 30 ABRIL;;;;;;;TV Cable / Satélite;;
26;26,0;26,0;26,0;26,0;26,0;26,0;26,0;26,0;26,0;26,0;26,0;26,0;26,0;26,0;26,0;26,0;26,0;26,0;26,0;26,0;26,0;26,0;26,0;;;;;;;;;;;;;;;;;;;;;;;;;;;25.000;Departamento;La Serena;1 dormitorio;1 baño;Terraza;;DISPOBIBLE DESDE EL 05 ABRIL AL 15 ABRIL.;;;;;;;;TV Cable / Satélite;
27;27,0;27,0;27,0;27,0;27,0;27,0;27,0;27,0;27,0;27,0;27,0;27,0;27,0;27,0;27,0;27,0;27,0;27,0;27,0;27,0;27,0;27,0;;;;;;;;;;;;;;;;;;;;;;;;;;;;35.000;Departamento;La Serena;3 dormitorios;1 baño;;5  personas;"Arriendo departamento por la temporada de invierno
diario, se ubica a 1 cuadra de la playa en avenida
pacifico con 4 esquinas. Completamente equipado";1;;;;;;;;
28;28,0;28,0;28,0;28,0;28,0;28,0;28,0;28,0;28,0;28,0;28,0;28,0;28,0;28,0;28,0;28,0;28,0;28,0;28,0;28,0;28,0;;;;;;;;;;;;;;;;;;;;;;;;;;;;;35.000;Departamento;Coquimbo;2 dormitorios;2 baños;;5  personas;"Arriendo por día , fines de semana y fiestas
patrias vacaciones etc .Excelente departamento en
edificio Altamar, conformado por dos dormitorios,
dos baños, en piso 9, Cercano a puerto de
coquimbo, terminal de buses y mall vivo .";;;"
								";;;;;;
29;29,0;29,0;29,0;29,0;29,0;29,0;29,0;29,0;29,0;29,0;29,0;29,0;29,0;29,0;29,0;29,0;29,0;29,0;29,0;29,0;;;;;;;;;;;;;;;;;;;;;;;;;;;;;;15;Departamento;La Serena;2 dormitorios;1 baño;Piscina;;"Busco arriendo d departamento por el fin de semana
viernes sábado y domingo en La Serena o Coquimbo";;;;;;;;;WiFi
30;30,0;30,0;30,0;30,0;30,0;30,0;30,0;30,0;30,0;30,0;30,0;30,0;30,0;30,0;30,0;30,0;30,0;30,0;30,0;;;;;;;;;;;;;;;;;;;;;;;;;;;;;;;30.000;Departamento;La Serena;3 dormitorios;1 baño;;6  personas;"Arriendo por día hermoso departamento, ubicado en
Peñuelas, cerca del casino Enjoy y Mall Vivo.";;;"
								";;;;;;
31;31,0;31,0;31,0;31,0;31,0;31,0;31,0;31,0;31,0;31,0;31,0;31,0;31,0;31,0;31,0;31,0;31,0;31,0;;;;;;;;;;;;;;;;;;;;;;;;;;;;;;;;40.000;Departamento;La Serena;2 dormitorios;1 baño;TV Cable / Satélite;;"Arriendo dpto. La Serena, disponible desde el 28
de Febrero , mínimo 1 semana., sector residencial.";1;;;;;;;;
32;32,0;32,0;32,0;32,0;32,0;32,0;32,0;32,0;32,0;32,0;32,0;32,0;32,0;32,0;32,0;32,0;32,0;;;;;;;;;;;;;;;;;;;;;;;;;;;;;;;;;90.000;Casa;La Serena;3 dormitorios;2 baños;;6  personas;"Cabaña para 6 personas con hermosa vista al Valle,
de 2 pisos totalmente independientes, tinaja tipo
jacuzzi (valor adicional)";4;;;;;;;;
33;33,0;33,0;33,0;33,0;33,0;33,0;33,0;33,0;33,0;33,0;33,0;33,0;33,0;33,0;33,0;33,0;;;;;;;;;;;;;;;;;;;;;;;;;;;;;;;;;;35.000;Departamento;La Serena;3 dormitorios;1 baño;;6  personas;"Cómodo Departamento de Arriendo Diario Amoblado.
Ubicado en calle 4 esquinas a 1 cuadra de Avda del
Mar, La Serena.";1;;;;;;;;
34;34,0;34,0;34,0;34,0;34,0;34,0;34,0;34,0;34,0;34,0;34,0;34,0;34,0;34,0;34,0;;;;;;;;;;;;;;;;;;;;;;;;;;;;;;;;;;;250.000;Casa;Vicuña;4 o más dormitorios;3 baños;;14  personas;"Arriendo amplia casa de campo con piscina y
parcela en el Valle de Elqui. 5 acogedoras
habitaciones,living,  comedor, 3 baños,
completamente equipada, 300 mts2 construídos,
5.000 mts2 de terreno,  quincho, horno de barro,
asadera,TV satelital, agua caliente, chimenea,
acceso a río en la misma parcela, gran piscina
para su uso exclusivo. Ideal para vacaciones,
grupos familiares o simplemente desconectarse de
todo en un ambiente absolutamente tranquilo, libre
de ruidos. A una hora de La Serena, cerca de
observatorios astronómicos, pueblos Elquinos:
Paihuano, Rivadavia, Pisco Elqui, Varillar, Termas
del Toro, pisqueras, valles y un sinfín de
destinos turísticos de gran belleza.";5;;;;;;;;
35;35,0;35,0;35,0;35,0;35,0;35,0;35,0;35,0;35,0;35,0;35,0;35,0;35,0;35,0;;;;;;;;;;;;;;;;;;;;;;;;;;;;;;;;;;;;40.000;Departamento;La Serena;2 dormitorios;2 baños;Terraza;;"Dpto 2 dormitorios 2 baños. Sector puerta del mar.
Arriendo mínimo 2 noches.";1;;;;;;;;
36;36,0;36,0;36,0;36,0;36,0;36,0;36,0;36,0;36,0;36,0;36,0;36,0;36,0;;;;;;;;;;;;;;;;;;;;;;;;;;;;;;;;;;;;;60.000;Departamento;La Serena;3 dormitorios;2 baños;;6  personas;"Departamento en La serena, completamente equipado
para 6 personas, en excelente ubicación a 100 mts
de avda del mar y cuatro esquinas. Cuenta con 3
dorm. 2 baños y una gran terraza con vista al mar.
Contactarse al celular +56977758371 vía llamada o
WhatsApp.Disponible para arriendo desde el 01 de
marzo.";;;"
								";;;;;;
37;37,0;37,0;37,0;37,0;37,0;37,0;37,0;37,0;37,0;37,0;37,0;37,0;;;;;;;;;;;;;;;;;;;;;;;;;;;;;;;;;;;;;;40.000;Departamento;La Serena;2 dormitorios;2 baños;Terraza;;"Dpto 2 dormitorios 2 baños. Sector puerta del mar.
Arriendo mínimo 2 noches.";1;;;;;;;;
38;38,0;38,0;38,0;38,0;38,0;38,0;38,0;38,0;38,0;38,0;38,0;;;;;;;;;;;;;;;;;;;;;;;;;;;;;;;;;;;;;;;28.000;Departamento;La Serena;3 dormitorios;1 baño;;;"Arriendo diario departamento en la Serena.
Excelente ubicación. A 2 cuadras aprox de la
avenida del mar (playa). Cerca de pub, restaurant,
artesanías, juegos, etc. Completamente equipada
para 5 personas. Tres dormitorios, 1 baño. Tv
cable en living y dormitorio matrimonial.
Estacionamiento. 1er piso. Condominio cerrado.
Conserjería las 24 horas.";141;78278160;;;;;;;
39;39,0;39,0;39,0;39,0;39,0;39,0;39,0;39,0;39,0;39,0;;;;;;;;;;;;;;;;;;;;;;;;;;;;;;;;;;;;;;;;40.000;Departamento;La Serena;2 dormitorios;2 baños;Terraza;;"Dpto 2 dormitorios 2 baños. Sector puerta del mar.
Arriendo mínimo 2 noches.";1;;;;;;;;
40;40,0;40,0;40,0;40,0;40,0;40,0;40,0;40,0;40,0;;;;;;;;;;;;;;;;;;;;;;;;;;;;;;;;;;;;;;;;;35.000;Departamento;La Serena;3 dormitorios;1 baño;;6  personas;Fechas Disponibles desde el 9 de marzo en adelante;1;;;;;;;;
41;41,0;41,0;41,0;41,0;41,0;41,0;41,0;41,0;;;;;;;;;;;;;;;;;;;;;;;;;;;;;;;;;;;;;;;;;;200.000;Casa;La Serena;4 o más dormitorios;3 baños;Piscina;;"Arriendo hermosa casa en Las Lisitas de
Guanqueros, a sólo 3 cuadras de la playa,
totalmente equipada para 10 personas.";3;;;;;;;;
42;42,0;42,0;42,0;42,0;42,0;42,0;42,0;;;;;;;;;;;;;;;;;;;;;;;;;;;;;;;;;;;;;;;;;;;28.000;Departamento;La Serena;3 dormitorios;1 baño;;;"Arriendo Departamento en La Serena. Excelente
ubicación. A dos cuadras de la Avenida del Mar,
cerca de pub, restaurant, artesanías, juegos, etc.
Consta de tres dormitorios, completamente equipado
para 5 personas. 1er piso, estacionamiento,
conserjería las 24 horas.";1;;"
								";;;;;;
43;43,0;43,0;43,0;43,0;43,0;43,0;;;;;;;;;;;;;;;;;;;;;;;;;;;;;;;;;;;;;;;;;;;;35.000;Departamento;La Serena;2 dormitorios;3 baños;;5  personas;PUERTAS DEL MAR;1;;;;;;;;
44;44,0;44,0;44,0;44,0;44,0;;;;;;;;;;;;;;;;;;;;;;;;;;;;;;;;;;;;;;;;;;;;;60.000;Departamento;Coquimbo;3 dormitorios;2 baños;;5  personas;"Arriendo Espectacular Departamento, a pasos de la
playa, frente a La Herradura con Hermosa Vista";1;;;;;;;;
45;45,0;45,0;45,0;45,0;;;;;;;;;;;;;;;;;;;;;;;;;;;;;;;;;;;;;;;;;;;;;;25.000;Departamento;La Serena;3 dormitorios;1 baño;;5  personas;"Arriendo por días excelente departamento amoblado
en sector Avenida del Mar de La Serena.";;;"
								";;;;;;
46;46,0;46,0;46,0;;;;;;;;;;;;;;;;;;;;;;;;;;;;;;;;;;;;;;;;;;;;;;;30.000;Departamento;La Serena;2 dormitorios;1 baño;;5  personas;"Arriendo por día hermoso departamento, a pasos del
casino Enyoy y Oulet Vivo, muy cerca de la playa.
Tiene acceso controlado las 24 horas; cuenta con
piscina, ascensores, quinchos y área de juego de
niños.";;;"
								";;;;;;
47;47,0;47,0;;;;;;;;;;;;;;;;;;;;;;;;;;;;;;;;;;;;;;;;;;;;;;;;40.000;Departamento;La Serena;3 dormitorios;1 baño;;5  personas;"Se arrienda durante todo el año, Disponible desde
Mayo a Diciembre 2021.";;;"
								";;;;;;
48;48,0;;;;;;;;;;;;;;;;;;;;;;;;;;;;;;;;;;;;;;;;;;;;;;;;;39.000;Departamento;La Serena;2 dormitorios;2 baños;;4  personas;"DISPONIBILIDAD A  PARTIR DEL DÍA  SÁBADO 05 DE
JUNIO";;;"
								";;;;;;
49;;;;;;;;;;;;;;;;;;;;;;;;;;;;;;;;;;;;;;;;;;;;;;;;;;30.000;Departamento;La Serena;3 dormitorios;1 baño;;5  personas;"Arriendo departamento por días, para 5 personas,
desde enero a diciembre de 2021, impecable y
cómodo departamento, ubicado en el primer piso, en
calle Regimiento Arica Nª 6069, Condominio Valle
del Elqui, La Serena.";1;;;;;;;;
